,alegria,ira,tristeza,miedo,neutro
alegria,0.8402777777777778,0.1527777777777778,0.0,0.006944444444444444,0.0
ira,0.06993006993006994,0.9090909090909091,0.0,0.0,0.02097902097902098
tristeza,0.013888888888888888,0.0,0.8194444444444444,0.1388888888888889,0.027777777777777776
miedo,0.1111111111111111,0.013888888888888888,0.2569444444444444,0.5763888888888888,0.041666666666666664
neutro,0.0,0.04895104895104895,0.0,0.013986013986013986,0.9370629370629371
