,alegria,ira,tristeza,miedo,neutro
alegria,0.9027777777777778,0.09027777777777778,0.0,0.006944444444444444,0.0
ira,0.2727272727272727,0.7272727272727273,0.0,0.0,0.0
tristeza,0.041666666666666664,0.041666666666666664,0.7847222222222222,0.1111111111111111,0.020833333333333332
miedo,0.3055555555555556,0.04861111111111111,0.2847222222222222,0.3402777777777778,0.020833333333333332
neutro,0.04895104895104895,0.2867132867132867,0.02097902097902098,0.013986013986013986,0.6293706293706294
