,alegria,ira,tristeza,miedo,neutro
alegria,0.8333333333333334,0.1597222222222222,0.006944444444444444,0.0,0.0
ira,0.1048951048951049,0.8951048951048951,0.0,0.0,0.0
tristeza,0.034722222222222224,0.041666666666666664,0.8472222222222222,0.041666666666666664,0.034722222222222224
miedo,0.1875,0.04861111111111111,0.2708333333333333,0.4583333333333333,0.034722222222222224
neutro,0.013986013986013986,0.23076923076923078,0.0,0.027972027972027972,0.7272727272727273
