,alegria,ira,tristeza,miedo,neutro
alegria,0.8888888888888888,0.09722222222222222,0.0,0.013888888888888888,0.0
ira,0.3006993006993007,0.6993006993006993,0.0,0.0,0.0
tristeza,0.020833333333333332,0.0,0.8333333333333334,0.0625,0.08333333333333333
miedo,0.1597222222222222,0.027777777777777776,0.375,0.3958333333333333,0.041666666666666664
neutro,0.006993006993006993,0.06993006993006994,0.006993006993006993,0.0,0.916083916083916
