,alegria,ira,tristeza,miedo,neutro
alegria,0.9444444444444444,0.05555555555555555,0.0,0.0,0.0
ira,0.8041958041958042,0.07692307692307693,0.0,0.0,0.11888111888111888
tristeza,0.1388888888888889,0.05555555555555555,0.4166666666666667,0.0,0.3888888888888889
miedo,0.3611111111111111,0.09027777777777778,0.16666666666666666,0.0,0.3819444444444444
neutro,0.06993006993006994,0.06993006993006994,0.006993006993006993,0.0,0.8531468531468531
